variant_id	pos	ref	alt	af	te_family	dist_ctcf	mechanism_prior	candidate_class	admission	ag_status	ag_contact_mae	ag_chip_tf_mae	pwm_delta_logodds	pe_desk	be_desk	pe_geometries	ag_error
chr11:35821778:C:G	35821778	C	G	6.58197854274995e-06	AluSz6	1	M1_motif_lean	architecture_prior	FROZEN_PANEL_CANDIDATE	SCORED	0.0007107469718903303	0.09006223283436243	-4.087462841250343	PASS_DESK	N/A	11	
chr11:518575:C:A	518575	C	A	6.57713000355165e-06	AluY	1	M1_motif_lean	architecture_prior	FROZEN_PANEL_CANDIDATE	SCORED	0.00183345317574484	0.21470037683264	4.087462841250343	PASS_DESK	N/A	12	
chr11:119030718:C:T	119030718	C	T	0.0	AluY	1	M1_motif_lean	architecture_prior	FROZEN_PANEL_CANDIDATE	SCORED	0.0011890178014125144	0.1452748375906204	-4.087462841250343	PASS_DESK	CONDITIONAL	11	
chr11:118907233:G:A	118907233	G	A	1.3140086461768918e-05	FLAM_C	1	M1_motif_lean	architecture_prior	FROZEN_PANEL_CANDIDATE	SCORED	0.005975344185052174	0.22108745398017163	4.087462841250339	PASS_DESK	N/A	9	
chr11:118907233:G:C	118907233	G	C	6.564953651427221e-06	FLAM_C	1	M1_motif_lean	architecture_prior	FROZEN_PANEL_CANDIDATE	SCORED	0.0040703976327287296	0.28613740334779153	4.087462841250339	PASS_DESK	N/A	9	
chr11:75248816:G:A	75248816	G	A	6.568834820079614e-05	FRAM	2	M1_motif_lean	architecture_prior	FROZEN_PANEL_CANDIDATE	SCORED	0.0026557976379990578	0.15551267115510978	4.087462841250339	PASS_DESK	N/A	7	
chr11:62753923:A:G	62753923	A	G	6.861609568926241e-07	AluSz	0	M3_activity	convergence	FROZEN_PANEL_CANDIDATE	SCORED	0.00494472762303693	0.5408127170767988	-4.087462841250339	PASS_DESK	CONDITIONAL	24	
chr11:62753923:A:T	62753923	A	T	6.861600152601988e-07	AluSz	0	M3_activity	convergence	FROZEN_PANEL_CANDIDATE	SCORED	0.002063538513279387	0.2552076161608109	-4.087462841250339	PASS_DESK	N/A	24	
chr11:72434037:C:T	72434037	C	T	1.383403310484122e-06	AluSx1	0	M3_activity	convergence	FROZEN_PANEL_CANDIDATE	SCORED	0.0016221310278134687	0.27137969258248845	4.087462841250339	PASS_DESK	CONDITIONAL	12	
chr11:114036577:G:C	114036577	G	C	6.5688348200796145e-06	AluJb	0	M3_activity	convergence	FROZEN_PANEL_CANDIDATE	SCORED	0.0015654870575027807	0.16610442228205202	4.087462841250343	PASS_DESK	N/A	10	
chr11:72434037:C:A	72434037	C	A	0.0	AluSx1	0	M3_activity	convergence	FROZEN_PANEL_CANDIDATE	SCORED	0.0015270736933286702	0.24159636229147644	4.087462841250339	PASS_DESK	N/A	12	
chr11:57568168:C:T	57568168	C	T	0.0	AluSz6	0	M1_motif_lean	architecture_prior	FROZEN_PANEL_CANDIDATE	SCORED	0.0011541253687547787	0.12971634826471426	4.087462841250341	PASS_DESK	CONDITIONAL	19	
chr11:57568168:C:A	57568168	C	A	0.0	AluSz6	0	M1_motif_lean	architecture_prior	FROZEN_PANEL_CANDIDATE	SCORED	0.0011324893151010787	0.13307041788661486	4.087462841250341	PASS_DESK	N/A	19	
chr11:114036293:C:T	114036293	C	T	6.572720580502681e-06	AluJb	0	M1_motif_lean	architecture_prior	FROZEN_PANEL_CANDIDATE	SCORED	0.0011036249675921031	0.13546860033741834	4.087462841250339	PASS_DESK	CONDITIONAL	15	
chr11:108009167:T:C	108009167	T	C	0.0	FLAM_C	0	M0_neutral_lean	matched_negative_candidate	FROZEN_PANEL_CANDIDATE	SCORED	0.0009642947864319597	0.10911584829355216	-4.087462841250339	PASS_DESK	N/A	12	
chr11:108009167:T:A	108009167	T	A	0.0	FLAM_C	0	M3_activity	convergence	FROZEN_PANEL_CANDIDATE	SCORED	0.0009619002895695823	0.16568255498222015	-4.087462841250339	PASS_DESK	N/A	12	
chr11:35822097:A:T	35822097	A	T	6.579033934657035e-06	AluSz6	0	M1_motif_lean	architecture_prior	FROZEN_PANEL_CANDIDATE	SCORED	0.0007740485681486982	0.08700769361921792	4.087462841250339	PASS_DESK	N/A	13	
chr11:75445532:G:A	75445532	G	A	1.9711424741780336e-05	AluJr	0	M1_motif_lean	architecture_prior	FROZEN_PANEL_CANDIDATE	SCORED	0.0017045619232313974	0.13502105519442772	4.087462841250344	PASS_DESK	N/A	17	
chr11:75445269:C:T	75445269	C	T	6.570561257342603e-06	AluJr	0	M1_motif_lean	architecture_prior	FROZEN_PANEL_CANDIDATE	SCORED	0.0012837631095732962	0.11332023681942592	-4.087462841250343	PASS_DESK	CONDITIONAL	10	
chr11:47642326:A:G	47642326	A	G	3.2843742610157914e-05	AluSg	0	M1_motif_lean	architecture_prior	FROZEN_PANEL_CANDIDATE	SCORED	0.0012466269877872296	0.13074033143863903	-4.087462841250341	PASS_DESK	CONDITIONAL	18	
chr11:119030971:C:A	119030971	C	A	0.0	AluY	0	M1_motif_lean	architecture_prior	FROZEN_PANEL_CANDIDATE	SCORED	0.002800963952073029	0.2238551949599531	4.087462841250341	PASS_DESK	N/A	15	
chr11:47642597:C:T	47642597	C	T	0.0	AluSg	0	M1_motif_lean	architecture_prior	FROZEN_PANEL_CANDIDATE	SCORED	0.002093047369271517	0.20041116963364713	4.08746284125034	PASS_DESK	CONDITIONAL	15	
chr11:77548165:T:A	77548165	T	A	6.568575932737782e-06	AluJb	0	M1_motif_lean	architecture_prior	FROZEN_PANEL_CANDIDATE	SCORED	0.0009949537260191782	0.07610126889334391	4.08746284125034	PASS_DESK	N/A	7	
chr11:77548165:T:C	77548165	T	C	6.568575932737782e-06	AluJb	0	M1_motif_lean	architecture_prior	FROZEN_PANEL_CANDIDATE	SCORED	0.000816567734416042	0.07586938625658893	4.08746284125034	PASS_DESK	N/A	7	
chr11:20387307:G:C	20387307	G	C	0.00019033867156734052	AluSx	0	M1_motif_lean	architecture_prior	FROZEN_PANEL_CANDIDATE	SCORED	0.0014829679525324277	0.1670670659732288	-4.087462841250339	PASS_DESK	N/A	14	
chr11:20387585:T:C	20387585	T	C	0.0	AluSx	0	M1_motif_lean	architecture_prior	FROZEN_PANEL_CANDIDATE	SCORED	0.002041307743638754	0.25663504839385815	4.087462841250339	PASS_DESK	N/A	8	
chr11:518574:C:G	518574	C	G	1.970339817940601e-05	AluY	0	M1_motif_lean	architecture_prior	FROZEN_PANEL_CANDIDATE	SCORED	0.0015587565223021166	0.19173356509164446	-4.087462841250339	PASS_DESK	N/A	12	
chr11:75248818:G:A	75248818	G	A	6.564608880602893e-06	FRAM	0	M1_motif_lean	architecture_prior	FROZEN_PANEL_CANDIDATE	SCORED	0.0017039798466222627	0.14623702597161023	4.087462841250339	PASS_DESK	N/A	7	
